year,density
2015.0,0.5493799318621537
2016.0,0.5499150243975796
2017.0,0.5413358879806771
2018.0,0.5327816058918158
2019.0,0.5367331231894931
2020.0,0.5228349982559739
2021.0,0.5317052256248284
2022.0,0.5312226616372943
2023.0,0.5399237900274156
2024.0,0.5322790390213482
